Cégnév;Adószám
Összehasonlítás TM rekordokkal
FILENA Bt.;26750468108;
Beatrix Weingarten Kft. "f.a.";32805684208;
Vital Feeling Kft. "v.a.";25478367108;
Carp Fishing Store Kft. "f.a.";32183324208;
R & J General Bau Építőipari Kft. "f.a.";25044928208;
Proper IT Bt. "kt.a.";21837658208;
In Spot Creative Agency Kft. "v.a.";32214350108;
Coupling Kft. "v.a.";11134507208;
Verda Alkatrész Kft. "v.a.";23026005208;
Ottava Kft.;27193657242;
Dv & Vs Cars Kft. "kt.a.";32979420208;
Madibau Kft. "f.a.";27435333208;
Leonidas Zrt. "f.a.";22784230208;
DUNAHÚS Kft.;14472305213;
METALWERK Kft.;24794589212;
HENGER BAU Kft.;14399949208;
Mv Office Kkt. "v.a.";22493684208;
Laser-Planing Bt. "v.a.";25515264108;
BIHARI MAGYARORSZÁG Kft.;12869123208;
Transzfer-Hungary Kft. "v.a.";25364219108;
Összehasonlítás UJ rekordokkal
Laser-Planing Bt. "v.a.";25515264108;
Mv Office Kkt. "v.a.";22493684208;
Verda Alkatrész Kft. "v.a.";23026005208;
Coupling Kft. "v.a.";11134507208;
